Gene,mean_logFC_expr,adjP_expr,mean_logFC_bind,P_Value_bind,abs_expr,abs_bind
BCL2L11,1.247095141888889,0.3506005136639701,-1.346079059546178,0.0247273325935447,1.247095141888889,1.346079059546178
HMGB1,0.8996096530555555,0.397209443713584,2.2894778964786,0.002327843289106,0.8996096530555555,2.2894778964786
MAPT,-0.8725277034444443,0.3506005136639701,1.265797547802065,0.0409024367231568,0.8725277034444443,1.265797547802065
GABARAPL1,-0.5649907833333331,0.5118778523407176,-1.750635798256774,0.0089774254531035,0.5649907833333331,1.750635798256774
