Gene,mean_logFC_expr,adjP_expr,mean_logFC_bind,P_Value_bind,abs_expr,abs_bind
FAS,-1.244788658888889,0.4677636468608734,-1.347360663062983,0.0447546755844009,1.244788658888889,1.347360663062983
