Gene,bind_logFC,expr_map2,adjP_map2,expr_cag,adjP_cag,sign_concordant,delta_abs_expr
BCL2L11,-1.346079059546178,1.247095141888889,0.3506005136639701,1.01970784333333,0.0733483010846694,True,0.22738729855555895
GABARAPL1,-1.750635798256774,-0.5649907833333331,0.5118778523407176,-0.664082843333333,0.141615745221088,True,0.09909205999999993
HMGB1,2.2894778964786,0.8996096530555555,0.397209443713584,1.015385306833333,0.0183762393358205,True,0.11577565377777743
MAPT,1.265797547802065,-0.8725277034444443,0.3506005136639701,-0.839550657666666,0.229839815772546,True,0.03297704577777827
