Gene,bind_logFC,expr_fong,adjP_fong,expr_cag,adjP_cag,sign_concordant,delta_abs_expr
BCL2L11,-1.346079059546178,0.8817895774690054,0.0330177860962086,1.01970784333333,0.0733483010846694,True,0.13791826586432454
GABARAPL1,-1.750635798256774,-0.9104864914906816,0.0447843209844019,-0.664082843333333,0.141615745221088,True,0.2464036481573486
HMGB1,2.2894778964786,0.7034966865423886,0.0789990982658864,1.015385306833333,0.0183762393358205,True,0.31188862029094433
MAPT,1.265797547802065,-0.5301126292350222,0.3070227759898025,-0.839550657666666,0.229839815772546,True,0.3094380284316438
MFSD8,-1.4525142450727,-0.5405711872196513,0.1738246715864231,-0.530429683333333,0.257600803411552,True,0.010141503886318293
TRIM13,1.343533732323885,-0.7642966104305042,0.0505755864955582,-0.80135839,0.117693642597752,True,0.037061779569495745
