Gene,bind_logFC,expr_fong,adjP_fong,expr_cag,adjP_cag,sign_concordant,delta_abs_expr
FAS,-1.347360663062983,1.236312060098006,0.2138038658411628,-1.446516365,0.0764713521255172,False,0.21020430490199393
