Gene,bind_logFC,expr_fong,adjP_fong,expr_map2,adjP_map2,sign_concordant,delta_abs_expr
BCL2L11,-1.346079059546178,0.8817895774690054,0.0330177860962086,1.247095141888889,0.3506005136639701,True,0.3653055644198835
GABARAPL1,-1.750635798256774,-0.9104864914906816,0.0447843209844019,-0.5649907833333331,0.5118778523407176,True,0.34549570815734854
HMGB1,2.2894778964786,0.7034966865423886,0.0789990982658864,0.8996096530555555,0.397209443713584,True,0.1961129665131669
MAPT,1.265797547802065,-0.5301126292350222,0.3070227759898025,-0.8725277034444443,0.3506005136639701,True,0.3424150742094221
