Gene,bind_logFC,expr_fong,adjP_fong,expr_map2,adjP_map2,sign_concordant,delta_abs_expr
FAS,-1.347360663062983,1.236312060098006,0.2138038658411628,-1.244788658888889,0.4677636468608734,False,0.008476598790883028
