Gene,mean_logFC_expr,adjP_expr,mean_logFC_bind,P_Value_bind,abs_expr,abs_bind
BOK,1.639199,0.01361,1.427406811617181,0.0233512086495875,1.639199,1.427406811617181
FAS,-1.4465164,0.04201,-1.347360663062983,0.0447546755844009,1.4465164,1.347360663062983
MAP3K7,1.1194337,0.02635,2.044753074670295,0.0013893783281855,1.1194337,2.044753074670295
