Gene,mean_logFC_expr,adjP_expr,mean_logFC_bind,P_Value_bind
CAV1,1.102000889506735,0.1351526901698523,-1.322444122196902,0.0265254677421535
FADD,0.667591467401861,0.1046281219807574,-1.24366788936825,0.0209646243459766
MLKL,1.902542180119612,0.1436926403097767,-1.428467018317976,0.0494233505745707
