Gene,mean_logFC_expr,adjP_expr,mean_logFC_bind,P_Value_bind
BOK,1.639199,0.01361,1.427406811617181,0.0233512086495875
MAP3K7,1.1194337,0.02635,2.044753074670295,0.0013893783281855
