Gene,mean_logFC_expr,adjP_expr,mean_logFC_bind,P_Value_bind
BAG3,-1.3638921,0.04227,-1.582674061610477,0.0299040611834186
BOK,1.639199,0.01361,1.427406811617181,0.0233512086495875
CDKN2A,1.9627399,0.01451,2.362612053673109,0.0002199427830036041
MAP3K7,1.1194337,0.02635,2.044753074670295,0.0013893783281855
MUL1,1.3009923,0.04641,-1.508398025328722,0.0457084587112118
