Gene,mean_logFC_expr,adjP_expr,mean_logFC_bind,P_Value_bind
BCL2L11,1.0197078,0.03452,-1.346079059546178,0.0247273325935447
HMGB1,1.426713066666667,0.01228,2.2894778964786,0.002327843289106
