Gene,mean_logFC_expr,adjP_expr,mean_logFC_bind,P_Value_bind,abs_expr,abs_bind
BOK,1.63919896,0.0198069821019957,1.427406811617181,0.0233512086495875,1.63919896,1.427406811617181
FAS,-1.446516365,0.0764713521255172,-1.347360663062983,0.0447546755844009,1.446516365,1.347360663062983
MAP3K7,0.8956664525000015,0.0498264559543672,2.044753074670295,0.0013893783281855,0.8956664525000015,2.044753074670295
SPATA2,0.537952886666667,0.245574322414138,-2.158012249427081,0.0071606780736368,0.537952886666667,2.158012249427081
