Gene,bind_logFC,expr_fong,expr_andr,sign_concordant,delta_abs_expr
AURKB,1.653113994163559,1.45080420479075,0.7917436534254338,True,0.659060551365316
BIRC5,2.572413919117823,1.572063223313299,0.5870980316487053,True,0.9849651916645936
BUB1,3.226993022677618,1.18996797987125,1.166548995268765,True,0.023418984602484816
HMGB2,2.270245238635856,1.436564256400745,1.029968241368156,True,0.40659601503258913
KIF14,3.001738255299844,2.128421461063765,0.7955439610347466,True,1.3328775000290183
MBD4,-1.630896546922965,0.6525667368896535,0.598925308218589,True,0.05364142867106447
MELK,1.506094752520434,1.451048044110843,0.6598811855893709,True,0.7911668585214722
MYBL2,1.972979433048424,1.546004594967348,0.752479291740042,True,0.793525303227306
